--
-- insertion les données de table categorie, Done
--

INSERT INTO `categorie` (`idCategorie`, `color`, `nom`, `foodAssociated`) VALUES
(1, 'b', 'h', 'c'),
(2, 'r', 's', 'k'),
(3, 'j', 'n', 'p'),
(4, 'v', 'c', 'l'),
(5, 'g', 'g', 'v'),
(6, 'o', 'a', 'f');

--
-- insertion les données de table categorie, Done
-- insertion les données de table question,  Not completed...


INSERT INTO `question` (`idQuestion`, `description`, `lang`, `Categorie_idCategorie`) VALUES
(1, 'Que veulent dire les chiffres au fond des verres de cantine ?', 'fr', 6),
(2, 'Si on avait persuadé Elvis Presley et Bob Marley de s\'accoupler, on aurait pu obtenir :', 'fr', 6),
(3, 'Un seul de ces ustensiles de cuisine à consonance sexuelle n\'existe pas, lequel ?', 'fr', 6),
(4, 'Quel tatouage Johnny Depp a-t-il sur le bras droit ?', 'fr', 6),
(5, 'Un seul de ces jouets ratés n\'existe pas, est-ce ?', 'fr', 6),
(6, 'Lequel de ces titres jeux de mots de Libé est une invention de notre part ?', 'fr', 6),
(7, 'Parmi ces 4 voitures, laquelle a vraiment existé ?', 'fr', 6),
(8, 'Une seule de ces célébrités a été videur de boîte de nuit dans sa jeunesse. Est-ce :', 'fr', 6),
(9, 'Lequel de ces magazines flippants n\'existe pas ?', 'fr', 6),
(10, 'Pourquoi Superman porte-t-il son slip sur son pantalon ?', 'fr', 6),
(11, ' À Pasadena en Californie, que faut-il pour utiliser un piège à souris ?', 'fr', 6),
(12, 'Laquelle de ces propositions dont on est persuadés qu\'elles n\'existent pas, existe ?', 'fr', 6),
(13, 'Lequel de ces tweets le président Donald Trump n\'a-t-il pas envoyé ?', 'fr', 6),
(14, 'En plongée, que signifie le geste pouce et index joints faisant un cercle ?', 'fr', 6),
(15, 'Ok, c\'est relou mais j\'aime bien. Où n\'y a-t-il pas de contrepèterie ?', 'fr', 6),
(16, 'Dans quel pays, la majorité des habitants croient-ils aux elfes ?', 'fr', 6),
(17, 'Quel sport pratique-t-on si on a un autocollant en forme de poing sur sa voiture ?', 'fr', 2),
(18, 'Une seule de ces affirmations sur ces acteurs champions d\'arts martiaux est complètement vraie, laquelle ?', 'fr', 2),
(19, 'Quel musée n\'existe pas parmi les musées suivants ?', 'fr', 4),
(20, 'Quel est le vrai nom de Michael Keaton ?', 'fr', 4),
(21, 'Laquelle de ces infos sur Gérard Depardieu est vraie ?', 'fr', 4),
(22, 'Quel métier Bernard Tapis n\'a-t-il pas fait ?', 'fr', 4),
(23, 'Alain Delon a un CAP de ?', 'fr', 4),
(24, 'Laquelle de ces informations concernant les réseaux sociaux est vraie ?', 'fr', 4),
(25, 'Lequel de ces livres n\'a pas réellement été publié ?', 'fr', 4),
(26, 'D\'où vient l\'expression Garde tes amis près de toi et tes ennemis encore plus près ?', 'fr', 4),
(27, 'En 1951 Disney a sorti une BD dans laquelle...', 'fr', 4),
(28, 'Quel est l\'origine du mot SWAG ?', 'fr', 4),
(29, 'Laquelle de ces phrases contient toutes les lettres de l\'alphabet ?', 'fr', 4),
(30, 'Quel est le vice caché de Sherlock Holmes', 'fr', 4),
(31, 'Uwe Boll est un réalisateur qui a souvent été critiqué pour la nullité absolue de ses films. Qu\'a t\'il fait à ses détracteurs les plus virulents ?', 'fr', 4),
(32, 'Quand la série Derrick s\'est arrêtée, son scénariste avait :', 'fr', 4),
(33, 'Comment l\'hippopotame fait-il popo ?', 'fr', 3),
(34, 'Quels sont les animaux les plus présents sur Terre ?', 'fr', 3),
(35, 'Comment appelle t-on la peur de la hauteur ?', 'fr', 3),
(36, 'Les satellites Callisto, Europe, Io et Ganymède sont en orbite autour d\'une planète. Laquelle ?', 'fr', 3),
(37, 'L\'ère paléozoïque a connu une période entre le Dévonien et le Permien. Qu\'est-ce que c\'était ?', 'fr', 3),
(38, 'Quel est le nom du chercheur qui a développé une théorie similaire au darwinisme ?', 'fr', 3),
(39, 'Comment soigner une carie ?', 'fr', 3),
(40, 'Tous les composants organiques ont un élément en commun : quel est-il ?', 'fr', 3),
(41, 'Laïka est le nom d\'une chienne très célèbre. Pourquoi est-elle si populaire ?', 'fr', 3),
(42, 'Quelle est la principale plante à l\'origine de la tequila ?', 'fr', 3),
(43, 'Alnilam, Alnitak et Mintaka sont les étoiles qui, vues de la Terre, tracent une ligne. Comment s\'appelle cette ligne ?', 'fr', 3),
(44, 'Il y a un oiseau qui se nourrit essentiellement d\'os. Lequel ?', 'fr', 3),
(45, 'La claustrophobie est le nom technique de la peur que certaines personnes ont de ... ?', 'fr', 3),
(46, 'Les surfaces de la planète ayant la même température sont reliées par des lignes. Comment s\'appellent-elles ?', 'fr', 3),
(47, 'A.m. est une abréviation pour une heure, qu\'est-ce que cela signifie ?', 'fr', 3),
(48, 'Marie Curie était une scientifique très célèbre. Pourquoi ?', 'fr', 3),
(49, 'Il existe un mois durant lequel il peut y avoir moins de quatre phases lunaire. Quel est-il ?', 'fr', 3),
(50, 'Quel est le nom de l\'oiseau le plus grand de nos jours ?', 'fr', 3),
(51, 'Quelle est la cellule que l\'on trouve à la fois chez les humains et chez les animaux ?', 'fr', 3),
(52, 'Lequel de ces requins existe vraiment ?', 'fr', 3),
(53, 'Pourquoi les flamants roses sont-ils roses ?', 'fr', 3),
(54, 'Quel est le cri de l\'aigle Milan ?', 'fr', 3),
(55, 'Qu\'est-ce qui a déclenché la Première Guerre mondiale ?', 'fr', 1),
(56, 'Qui a dit je vis mon quotidien au jour le jour ?', 'fr', 1),
(57, 'Parmi ces affirmations sur les noms de villes, laquelle est correcte ?', 'fr', 1),
(58, 'Qu\'est-ce que le Parapluie bulgare ?', 'fr', 1),
(59, 'Quel objet appartenant à Neil Armstrong s\'est vendu 27 350$ aux enchères ?', 'fr', 1),
(60, 'Quelle était la plus grande peur de Staline ?', 'fr', 1),
(61, 'A quel âge est mort ce bon vieux Mathusalem ?', 'fr', 1),
(62, 'Selon la légende, pourquoi la ligne ferroviaire Moscou - St Petersbourg fait-elle un détour de 17km ?', 'fr', 1),
(63, 'D\'après vous, quelle était la taille de Napoléon ?', 'fr', 1),
(64, 'Une seule de ces affirmations est vraie, laquelle ?', 'fr', 1),
(65, 'D\'où vient l\'expression passer une nuit blanche ?', 'fr', 1),
(66, 'Au Moyen Âge, comment étaient décorés les sapins de Noël ?', 'fr', 1),
(67, 'Dans l\'Antiquité, sur quoi les romains prêtaient-t-il serment ?', 'fr', 1),
(68, 'Le président des États-Unis s\'appelle Donald J. Trump. Mais ce J est l\'initiale de quel prénom ?', 'fr', 1),
(69, 'En 1945 un groupe clandestin de combattants juifs fut fondé pour punir les criminels de guerre nazis. Quel était leur nom ?', 'fr', 1),
(70, 'Quelle était la monnaie utilisée en Espagne avant l\'euro ?', 'fr', 1),
(71, 'Sur quelle île ont-ils emprisonné Napoléon après avoir perdu la bataille de Waterloo ?', 'fr', 1),
(72, 'Quel était le premier nom de la Première Guerre mondiale ?', 'fr', 1),
(73, 'Combien d\'années a duré la guerre de Cent Ans ?', 'fr', 1),
(74, 'Quel est le nom de la bataille navale de 1805 ?', 'fr', 1),
(75, 'Quand l\'ONU a-t-elle été créée ?', 'fr', 1),
(76, 'Dans quelle ville vivait Marco Polo ?', 'fr', 1),
(77, 'En quelle année la Slovénie est-elle devenue indépendante de la Yougoslavie ?', 'fr', 1),
(78, 'En quelle année l\'humanité a-t-elle posé le pied sur la Lune pour la première fois à bord du vaisseau spatial Apollo 11 ?', 'fr', 1),
(79, 'Le Mozambique a été colonisé par un pays européen, lequel ?', 'fr', 1),
(80, 'Selon la légende, qui a fondé la ville de Rome ?', 'fr', 1),
(81, 'La chute de Constantinople a marqué la fin de l\'Empire byzantin. En quelle année a-t-elle eu lieu ?', 'fr', 1),
(82, 'Qui a été le premier président des États-Unis ?', 'fr', 1),
(83, 'Quelle équipe de football a remporté le plus grand nombre de Coupes du monde ?', 'fr', 2),
(84, 'Qui a remporté le Championnat du Monde 2017 dans la catégorie MotoGP ?', 'fr', 2),
(85, 'Le Camp Nou est l\'un des stades de football les plus célèbres au monde. Dans quelle ville est-il situé ?', 'fr', 2),
(86, 'Dans quelle ville est né Valentino Rossi ?', 'fr', 2),
(87, 'En quelle année a eu lieu la première Coupe du monde ?', 'fr', 2),
(88, 'Quel joueur est considéré comme le meilleur de l\'histoire du basket-ball ?', 'fr', 2),
(89, 'Un athlète détient les records du monde de vitesse sur le 100m et le 200m. Qui est-ce?', 'fr', 2),
(90, 'Lionel Messi est un footballeur argentin, dans quelle ville est-il né ?', 'fr', 2),
(91, 'Quelle femme a été la première à remporter une médaille olympique ?', 'fr', 2),
(92, 'Dans quel pays le jeu de fléchettes est-il le plus populaire ?', 'fr', 2),
(93, 'Quel surnom reçoit le skieur Michael Thomas Edwards ?', 'fr', 2),
(94, 'Quelle danse trouve son origine dans un art martial ?', 'fr', 2),
(95, 'Quelle équipe a remporté la Coupe du monde du Brésil en 2014 ?', 'fr', 2),
(96, 'Quelles sont les couleurs des anneaux olympiques ?', 'fr', 2),
(97, 'Un match de boxe aux Jeux Olympiques est divisé en plusieurs rounds. Combien ?', 'fr', 2),
(98, 'Quels sont les deux explorateurs en charge du premier tour du monde ?', 'fr', 1),
(99, 'Qui est considéré comme le grand précurseur de l\'existentialisme ?', 'fr', 1),
(100, 'Quel était le nom du premier président de la démocratie espagnole après Franco ?', 'fr', 1),
(101, 'Sous quel nom la crise économique de 1929 est-elle connue du grand public ?', 'fr', 1),
(102, 'Combien de temps a duré la Deuxième République Espagnole ?', 'fr', 1),
(103, 'Quel est le tournant qui permet de dire que l\'Antiquité s\'est achevée et que le Moyen-Âge a commencé ?', 'fr', 1),
(104, 'Quel personnage romain donne son nom au mois de juillet ?', 'fr', 1),
(105, 'Un philosophe grec considérait l\'eau comme un élément intégré dans toutes choses. Quel était son nom ?', 'fr', 1),
(106, 'La formation de cornes de buffle est une tactique de guérilla créée par un chef militaire africain. Quel était son nom ?', 'fr', 1),
(107, 'Quelle aiguille des Alpes abrite une gare de téléphérique située à 3 777 mètres d’altitude ?', 'fr', 5),
(108, 'De quel archipel Tenerife est-elle la plus grande île ?', 'fr', 5),
(109, 'Quelle est la capitale située la plus à l’ouest du continent africain ?', 'fr', 5),
(110, 'Quel oiseau figure sur le drapeau de l’Équateur ?', 'fr', 5),
(111, 'En France, combien y a-t-il de fleuves dont la longueur dépasse 500 km ?', 'fr', 5),
(112, 'Quels sont les trois pays actuels qui correspondent à l’ancienne Indochine française ?', 'fr', 5),
(113, 'Quel est le plus long fleuve d’Europe ?', 'fr', 5),
(114, 'Quel petit pays africain est entièrement enclavé au cœur de l’Afrique du Sud ?', 'fr', 5),
(115, 'Laquelle de ces capitales se trouve le plus au nord ?', 'fr', 5),
(116, 'Quel est le seul département de l’ancienne région Midi-Pyrénées à ne pas devoir son nom à la rivière qui le traverse ?', 'fr', 5),
(117, 'Quelle est la langue la plus parlée au monde ?', 'fr', 5),
(118, 'Quelle est la capitale des Philippines ?', 'fr', 5),
(119, 'La plus haute montagne du monde se trouve dans l\'Himalaya. Comment s\'appelle-t-elle ?', 'fr', 5),
(120, 'Quelle est la capitale de la Mongolie ?', 'fr', 5);
-- (121, 'Dans le corps humain, le foi se trouve du côté droit du corps.', 'fr', 0),
-- (122, 'Il y a des tremblements de terre sur la lune.', 'fr', 0);


-- ------------------------------------------------------------------------------------------------------------
-- ----------- insertion les données de table question,  Not completed...
-- ------------------------------------------------------------------------------------------------------------
INSERT INTO `reponses` (`idReponses`, `description`, `etat`, `Question_idQuestion`) VALUES
(1, 'C’est l’âge que vous avez et le plus jeune va chercher l’eau.', 0, 1),
(2, ' C’est la note que vous aurez à l’interro de cet après-midi.', 0, 1),
(3, 'C’est le nombre de filles avec qui vous sortirez dans la vie.', 0, 1),
(4, ' On sait pas, ça reste un mystère mais on est tous sur le coup…', 1, 1),
(5, ' Elvis Marley, le rasta king.', 0, 2),
(6, 'Une baleine blanche avec des dreads.', 0, 2),
(7, 'Des tubes comme « Spliff me tender » ou « Could you be cruel »', 0, 2),
(8, 'Oui mais alors on dit n’importe quoi et toutes les réponses sont possibles.', 1, 2),
(9, 'Lèchefrite.', 0, 3),
(10, 'Cul-de-poule.', 0, 3),
(11, 'Ouvre-boîte.', 0, 3),
(12, 'Démonte-pneu.', 1, 3),
(13, 'Un tatouage « Winona Forever ».', 0, 4),
(14, 'Un tatouage « Wine Forever » qui veut dire « ivrogne pour toujours ».', 1, 4),
(15, 'Un tatouage « Willow Forever ».', 0, 4),
(16, 'Un tatouage « Oui-Go Forever », en hommage à la SNCF.', 0, 4),
(17, 'Une figurine Tarzan qui se fait plaisir en secouant le manche.', 0, 5),
(18, 'Un Spiderman gonflable, mais au mauvais endroit.', 0, 5),
(19, 'Un pistolet à bonbons, pour apprendre aux enfants à se tirer une balle dans la bouche;', 0, 5),
(20, 'Une liste de Schindler de Noël, pour apprendre aux enfants ce qui arrive quand ils sont méchants.', 1, 5),
(21, 'Climat : les calottes sont cuites.', 0, 6),
(22, 'Tapas nocturnes.', 1, 6),
(23, 'L’Apple aux oeufs d’or.', 0, 6),
(24, 'Parle à Mocky, ma tête est malade.', 0, 6),
(25, 'La Skoda « Tapina ».', 0, 7),
(26, 'La Nissan « Gigolo ».', 0, 7),
(27, 'La Mazda « Laputa ».', 1, 7),
(28, 'La Renault « Safrene ».', 0, 7),
(29, ' Steven Seagal, évidemment.', 0, 8),
(30, 'Guillaume Gallienne, curieusement.', 0, 8),
(31, 'Didier Deschamps, pourquoi pas.', 0, 8),
(32, 'Le pape François, tant qu\'à faire.', 1, 8),
(33, 'Crimes magazine.', 0, 9),
(34, ' Menaces actuelles.', 1, 9),
(35, ' Commando magazine.', 0, 9),
(36, 'Enquêtes sexuelles.', 0, 9),
(37, 'Pour le salir moins vite.', 0, 10),
(38, 'Parce que personne n’ose lui faire la remarque.', 0, 10),
(39, 'Parce que c’est super dur de se changer dans une cabine téléphonique.', 0, 10),
(40, 'Il n’y a aucune explication officielle à cette question.', 1, 10),
(41, 'Une cachette pour les pièges à souris.', 0, 11),
(42, 'Un permis de chasse.', 1, 11),
(43, 'Un doctorat en sourilogie.', 0, 11),
(44, 'La bénédiction d’un prêtre.', 0, 11),
(45, 'La planète Pandora, du film Avatar.', 1, 12),
(46, 'Le Mordor, du Seigneur des anneaux.', 0, 12),
(47, 'La planète Tatooine, de Star Wars.', 0, 12),
(48, 'L’amie noire de Nadine Morano.', 0, 12),
(49, 'Robert Pattinson ne devrait pas se remettre avec Kirsten Stewart.', 0, 13),
(50, 'Fusillade dans une école au Texas. Les premières infos n’ont pas l’air terribles.', 0, 13),
(51, 'Il gèle et neige à New-York, on a besoin du réchauffement climatique !', 0, 13),
(52, 'J’adore mes petites mains, j’ai l’impression d’avoir une grosse tour.', 1, 13),
(53, 'Le fameux “puits” du Pierre-Papier-Ciseau, valide uniquement en milieu sous-marin.', 0, 14),
(54, 'Ta blague elle vaut zéro.', 0, 14),
(55, ' Je vais bien, tout va bien.', 1, 14),
(56, 'Vas-y, vise là dedans avec ton harpon.', 0, 14),
(57, 'Les nouilles cuisent au jus de canne.', 0, 15),
(58, 'Le Pont-Neuf fait soixante-pieds.', 0, 15),
(59, ' Les laborieuses populations du Cap.', 0, 15),
(60, 'Il y a deux couilles sous la bite.', 1, 15),
(61, 'Les États-Unis', 0, 16),
(62, 'Le Kenya', 0, 16),
(63, 'L’Islande', 1, 16),
(64, 'Le Canada', 0, 16),
(65, 'Le football américain.', 0, 17),
(66, 'La boxe anglaise.', 0, 17),
(67, 'Le karaté.', 1, 17),
(68, 'La boxe en voiture.', 0, 17),
(69, 'Jackie Chan a enregistré 20 albums.', 1, 18),
(70, 'Bruce Lee a écrit 20 livres.', 0, 18),
(71, 'Steven Seagal a construit 20 maisons.', 0, 18),
(72, 'Chuck Norris a peint 20 autoportraits avec ses poings.', 0, 18),
(73, '« Le musée du cafard à Plano », Texas.', 0, 19),
(74, '« Le musée Jacques Chirac », à Tulle en Corrèze.', 1, 19),
(75, '« Le musée des déchets » à Finsig, Allemagne.', 0, 19),
(76, '« Le musée des CRS », à Vélizy.', 0, 19),
(77, 'Michael Jackson.', 0, 20),
(78, 'Michael Douglas.', 1, 20),
(79, 'Michael Jordan.', 0, 20),
(80, 'Michael Keaton.', 0, 20),
(81, 'Il a été la voix française de Mel Gibson.', 0, 21),
(82, 'Il a été la voix française de Kevin Costner.', 1, 21),
(83, 'Il a été la voix française de John Travolta.', 0, 21),
(84, 'Il a été la voix française de Vladimir Poutine.', 0, 21),
(85, 'Chanteur.', 0, 22),
(86, 'Animateur télé.', 0, 22),
(87, 'Vendeur de télé.', 0, 22),
(88, 'Jongleur.', 1, 22),
(89, 'Philosophie orientale.', 0, 23),
(90, 'Charcutier.', 1, 23),
(91, 'Menuisier.', 0, 23),
(92, 'Reconnaissance en paternité.', 0, 23),
(93, 'Snapchat conserve toutes vos photos et vidéos et peut vous extorquer comme bon lui semble.', 0, 24),
(94, 'Facebook peut enregistrer des sons et des vidéos à partir de votre téléphone sans votre consentement.', 1, 24),
(95, 'Chaque tweet posté aux États-Unis est vérifié par le FBI.', 0, 24),
(96, 'Personne n’a jamais trouvé de boulot grâce à Linkedin.', 0, 24),
(97, '« L’extraordinaire voyage du Fakir qui était resté coincé dans une armoire Ikea ».', 0, 25),
(98, '« Le cercle littéraire des Amateurs d’Épluchures de Patates ».', 0, 25),
(99, ' « Ne dites pas à mère que je suis voyante, elle me croit libraire à Vancouver ».', 0, 25),
(100, '« Le gratin de courgettes ne faisait pas partie du deal ».', 1, 25),
(101, 'De Chin Tsé, général Chinois du XIème siècle avant JC.', 0, 26),
(102, 'De Nicolas Machiavel, penseur humaniste italien de la Renaissance.', 0, 26),
(103, 'De Michael Corleone, dans « le Parrain II ».', 1, 26),
(104, 'De Manuel Valls dans « En marche vers l’enfer ».', 0, 26),
(105, 'Mickey était soviétique.', 0, 27),
(106, 'Dingo était marchand d’armes.', 0, 27),
(107, 'Mickey et Dingo étaient des dealers d’amphétamines.', 1, 27),
(108, 'Minnie rencontre des gens qu’elle ne connaissait pas et sympathise avec eux : « Thank you Jackie and Mickey ».', 0, 27),
(109, 'C’est l’acronyme de « Secretly We Are Gay ».', 0, 28),
(110, 'C’est le verlan de « GAWS » en anglais qui veut dire « trop stylé ».', 0, 28),
(111, 'C’est le dérivé du verbe « to swagger » inventé par W. Shakespeare en 1590.', 1, 28),
(112, 'On en a aucune idée. Il y a des questions comme ça, sans réponses.', 0, 28),
(113, 'Servez ce whisky aux petits juges blonds qui fument.', 1, 29),
(114, 'Goldorak a pété mon xylophone en peau de zèbre.', 0, 29),
(115, 'Zorro et Xéna la guerrière font du kung-fu au Qatar.', 0, 29),
(116, 'Wolfgang a crié « AZTYPOQGFGMSXVBUUU!! »', 0, 29),
(117, 'Il est zoophile.', 0, 30),
(118, 'Il est pigiste au Figaro.', 0, 30),
(119, 'Il est cocaïnomane.', 1, 30),
(120, 'Il mange ses crottes de nez.', 0, 30),
(121, 'Il a fait un film sur eux et les a tous fait mourir au scénario.', 0, 31),
(122, 'Il s’est efforcé de faire un film encore plus mauvais et leur a dédié.', 0, 31),
(123, 'Il leur a montré « Turf » pour prouver qu’il y a toujours pire.', 0, 31),
(124, 'Il les a défiés à la boxe et les a défoncés un par un.', 1, 31),
(125, '74 ans.', 0, 32),
(126, '84 ans.', 1, 32),
(127, '94 ans.', 0, 32),
(128, 'Honte.', 0, 32),
(129, 'Il disperse ses crottes avec sa queue pour marquer son territoire.', 1, 33),
(130, 'Il doit arrêter toute activité pour ne faire que ça, tellement c’est long et pénible.', 0, 33),
(131, 'Il expulse un gros rondin d’un coup et c’est assez spectaculaire.', 0, 33),
(132, 'Il ne fait jamais caca, d’où sa taille.', 0, 33),
(133, 'Les vers de terre.', 1, 34),
(134, 'Les fourmis.', 0, 34),
(135, 'Les mouches.', 0, 34),
(136, 'Les éléphants, mais ils se cachent.', 0, 34),
(137, 'La Monphobie', 0, 35),
(138, 'L’Altophobie', 0, 35),
(139, 'L’Acrophobie', 1, 35),
(140, 'Le Vertige', 0, 35),
(141, 'Jupiter', 1, 36),
(142, 'Mars', 0, 36),
(143, 'Uranus', 0, 36),
(144, 'Saturne', 0, 36),
(145, 'Le Phanérozoïque', 0, 37),
(146, 'Le Carbonifère ', 1, 37),
(147, 'Le Protérozoïque', 0, 37),
(148, 'Le Jurassic', 0, 37),
(149, 'Alfred Russell Wallace', 1, 38),
(150, 'John Burdon-Sanderson', 0, 38),
(151, 'John Scott Haldane', 0, 38),
(152, 'John Ruskin', 0, 38),
(153, 'En enlevant la dent', 0, 39),
(154, 'Ca ne se soigne pas', 0, 39),
(155, 'Grâce à un plombage', 1, 39),
(156, 'Il suffit de se brosser les dents et d’attendre que la douleur passe', 0, 39),
(157, 'L’oxygène', 0, 40),
(158, 'L’hydrogène', 0, 40),
(159, 'Le césium', 0, 40),
(160, 'Le carbone', 1, 40),
(161, 'C\'est le premier chien à avoir été dans l\'espace', 1, 41),
(162, 'C’est le chien de Jacques Chirac', 0, 41),
(163, 'C’est le premier chien à avoir obtenu le grade d’officier dans l’armée des USA', 0, 41),
(164, 'C’est le chien qui a tiré sur JFK', 0, 41),
(165, 'Le houblon', 0, 42),
(166, 'L\'agave', 1, 42),
(167, 'La menthe', 0, 42),
(168, 'La cardamome ', 0, 42),
(169, 'La voie lactée', 0, 43),
(170, 'La constellation de Pégase', 0, 43),
(171, 'La ceinture d\'Orion', 1, 43),
(172, 'La Petite Ourse', 0, 43),
(173, 'L’Anas platyrhynchos', 0, 44),
(174, 'Le gypaète barbu', 1, 44),
(175, 'L’Archaeopteryx', 0, 44),
(176, 'Le Columba livia', 0, 44),
(177, 'D’écouter trop de Claude François', 0, 45),
(178, 'Du vide', 0, 45),
(179, 'Du silence', 0, 45),
(180, 'D\'être enfermées', 1, 45),
(181, 'Les latitudes', 0, 46),
(182, 'Les hémisphères', 0, 46),
(183, 'Les isobares', 1, 46),
(184, 'Les équateurs', 0, 46),
(185, 'Après-midi', 0, 47),
(186, 'Après-matin', 0, 47),
(187, 'Avant-minuit', 0, 47),
(188, 'Avant-midi', 1, 47),
(189, 'Elle a découvert la radioactivité', 1, 48),
(190, 'Elle a découvert la pénicilline', 0, 48),
(191, 'Elle est à l’origine de la théorie de la relativité', 0, 48),
(192, 'Elle a inventé la machine à vapeur', 0, 48),
(193, 'Le mois d’août', 0, 49),
(194, 'Le mois de février', 1, 49),
(195, 'Le mois de décembre', 0, 49),
(196, 'Le mois de mai', 0, 49),
(197, 'Le pygargue', 0, 50),
(198, 'L\'albatros', 1, 50),
(199, 'Le pélican', 0, 50),
(200, 'L’autruche', 0, 50),
(201, 'La cellule musculaire', 0, 51),
(202, 'La cellule bêta', 0, 51),
(203, 'La cellule nerveuse', 1, 51),
(204, 'La cellule procaryote', 0, 51),
(205, 'Le requin-citron.', 1, 52),
(206, 'Le requin-fraise.', 0, 52),
(207, 'Le requin-banane.', 0, 52),
(208, 'Le requin-chocolat-pistache.', 0, 52),
(209, 'Parce qu’ils sont roses, c’est comme ça. Est-ce qu’on demande à Eric Zemmour pourquoi il est blanc?', 0, 53),
(210, 'Parce qu’ils bouffent trop de crevettes.', 1, 53),
(211, 'Parce que le plumage, blanc d’origine, absorbe les rayons du soleil mais ne restitue que la couleur rose.', 0, 53),
(212, 'Parce qu’ils sont hyper girly.', 0, 53),
(213, 'Il huit.', 1, 54),
(214, 'Il neuf.', 0, 54),
(215, 'Il dix.', 0, 54),
(216, 'Il deux-cent-cinquante.', 0, 54),
(217, 'Un Krach boursier ', 0, 55),
(218, 'L’invasion de la Pologne par les russes', 0, 55),
(219, 'L\'assassinat de l\'archiduc François-Ferdinand de Habsbourg', 1, 55),
(220, 'Le naufrage du Lusitania', 0, 55),
(221, 'Jacques Chirac, nu sur la terrasse du fort de Brégançon.', 0, 56),
(222, 'Jean-Jacques Goldman, passant faire un retrait à la SACEM.', 0, 56),
(223, 'Valéry Giscard-d’Estaing, avant de se coucher.', 0, 56),
(224, 'Aziz du loft, avec 50 micros pour l’enregistrer.', 1, 56),
(225, 'Avignon est le croisement de la ville d’Avi et la ville de Gnon.', 0, 57),
(226, 'Budapest est le croisement de la ville de Buda et la ville de Pest.', 1, 57),
(227, 'Biarritz est le croisement de la ville de Biar avec l’hôtel « Le Ritz ».', 0, 57),
(228, 'Amsterdam est le croisement d’un hamster et d’une dame.', 0, 57),
(229, 'Un parapluie en Bulgarie.', 0, 58),
(230, 'Un resto-basket en Slovénie.', 0, 58),
(231, 'Une position sexuelle en Ukraine.', 0, 58),
(232, 'Un parapluie armé développé par le KGB.', 1, 58),
(233, 'Un chèque de 10,5$.', 1, 59),
(234, 'Une maquette de fusée de son enfance.', 0, 59),
(235, 'Une lettre qu’il avait laissé à sa femme avant de partir.', 0, 59),
(236, 'Une de ses crottes de nez qui contenait de la poussière de lune.', 0, 59),
(237, 'De se prendre une bombe nucléaire.', 0, 60),
(238, 'De se faire assassiner.', 1, 60),
(239, 'De tomber amoureux.', 0, 60),
(240, 'De ressembler à Super Mario.', 0, 60),
(241, '123 ans.', 0, 61),
(242, '578 ans.', 0, 61),
(243, '969 ans.', 1, 61),
(244, 'Il est toujours vivant et aurait été aperçu au VIP ROOM de St Tropez l’été dernier.', 0, 61),
(245, 'Parce que les ouvriers avaient trop bu.', 0, 62),
(246, 'Parce que le froid a tordu les rails.', 0, 62),
(247, 'Parce que le Tsar avait laissé un doigt dépasser de sa règle.', 1, 62),
(248, 'Parce qu’avant il y avait un village qui a disparu depuis.', 0, 62),
(249, '1,65m, comme Bruno Mars.', 0, 63),
(250, '1,68m, comme Nicolas Sarkozy.', 0, 63),
(251, '1,69m, comme Tom Cruise.', 1, 63),
(252, '1,89m, comme Alain Chabat.', 0, 63),
(253, 'Richard Nixon a traversé la douane avec une mallette pleine de weed pour Louis Armstrong.', 1, 64),
(254, 'John F. Kennedy a traversé la douane avec une mallette pleine de coke pour Elvis Presley.', 0, 64),
(255, 'Barack Obama a traversé la douane avec une mallette pleine de LSD pour Jay-Z.', 0, 64),
(256, 'Donald Trump a traversé la douane pour raccompagner un mexicain chez lui.', 0, 64),
(257, 'Des chevaliers du Moyen Âge qui passaient une nuit à prier, habillés en blanc avant leur adoubement.', 1, 65),
(258, 'Des femmes de la cour sous Louis XIV, qui avaient le visage poudré de blanc pour des soirées qui duraient jusqu’au petit matin.', 0, 65),
(259, 'Des soldats américains qui prenaient de la coke pendant la guerre de 39-45.', 0, 65),
(260, 'Du cardinal de Richelieu qui avait pris la Dame Blanche en stop.', 0, 65),
(261, 'Avec des courgettes.', 0, 66),
(262, 'Avec des fruits de saison.', 1, 66),
(263, 'Avec les bijoux de la dernière mariée de la famille.', 0, 66),
(264, 'Avec les bijoux de famille du dernier marié. Une tradition qui s’est perdue pour des raisons évidentes.', 0, 66),
(265, 'Une Bible, comme tout le monde.', 0, 67),
(266, 'Les lauriers de César.', 0, 67),
(267, 'Un album d’Astérix.', 0, 67),
(268, 'Leurs testicules.', 1, 67),
(269, '« John », tout simplement.', 1, 68),
(270, '« Jamel », ça m’étonnerait.', 0, 68),
(271, '« Jésus », ça serait logique.', 0, 68),
(272, '« Jacqueline », mais j’y crois pas trop.', 0, 68),
(273, 'Les Avengers.', 1, 69),
(274, 'La Justice League.', 0, 69),
(275, 'Les Inglorious Basterds.', 0, 69),
(276, 'Les Rabbins des Bois.', 0, 69),
(277, 'Le Franc', 0, 70),
(278, 'Le Peso ', 0, 70),
(279, 'La Peseta', 1, 70),
(280, 'L’Ecu', 0, 70),
(281, 'Sainte-Marie', 0, 71),
(282, 'Sainte-Hélène', 1, 71),
(283, 'Elbe', 0, 71),
(284, 'Guadeloupe', 0, 71),
(285, 'La Guerre de 4 ans', 0, 72),
(286, 'La Grande Guerre', 1, 72),
(287, 'La Guerre d’Europe', 0, 72),
(288, 'La Dernière Guerre', 0, 72),
(289, '100 ans', 0, 73),
(290, '116 ans', 1, 73),
(291, '90 ans', 0, 73),
(292, '97 ans', 0, 73),
(293, 'Bataille de Trafalgar', 1, 74),
(294, 'Bataille de Waterloo', 0, 74),
(295, 'Bataille de la Manche', 0, 74),
(296, 'Bataille de Nelson', 0, 74),
(297, 'En 1954', 0, 75),
(298, 'En 1945', 1, 75),
(299, 'En 1944', 0, 75),
(300, 'En 1989', 0, 75),
(301, 'Florence', 0, 76),
(302, 'Venise', 1, 76),
(303, 'Milan', 0, 76),
(304, 'Rome', 0, 76),
(305, 'En 1989', 0, 77),
(306, 'En 1991', 1, 77),
(307, 'En 1984', 0, 77),
(308, 'En 2001', 0, 77),
(309, 'En 1971', 0, 78),
(310, 'En 1968', 0, 78),
(311, 'En 1970', 0, 78),
(312, 'En 1969', 1, 78),
(313, 'Angleterre', 0, 79),
(314, 'Portugal', 1, 79),
(315, 'Espagne', 0, 79),
(316, 'Allemagne', 0, 79),
(317, 'Jules César', 0, 80),
(318, 'Les frères Rémus et Romulus', 1, 80),
(319, 'Marc Aurèle', 0, 80),
(320, 'Mars', 0, 80),
(321, 'En 476', 0, 81),
(322, 'En 814', 0, 81),
(323, 'En 1453', 1, 81),
(324, 'En 1500', 0, 81),
(325, 'George Washington', 1, 82),
(326, 'Benjamin Franklin', 0, 82),
(327, 'Alexander Hamilton', 0, 82),
(328, 'Thomas Jefferson', 0, 82),
(329, 'Le Brésil', 1, 83),
(330, 'L’Allemagne ', 0, 83),
(331, 'L\'Italie ', 0, 83),
(332, 'L’Argentine', 0, 83),
(333, 'Marc Márquez', 1, 84),
(334, 'Giacomo Agostini', 0, 84),
(335, 'Michael Doohan ', 0, 84),
(336, 'Fabio Quartararo', 0, 84),
(337, 'À Barcelone', 1, 85),
(338, 'À Liverpool', 0, 85),
(339, 'À Bayern-Munich ', 0, 85),
(340, 'À Manchester city', 0, 85),
(341, 'À Urbino', 1, 86),
(342, 'À Naples', 0, 86),
(343, 'À Cagliari', 0, 86),
(344, 'À Florence', 0, 86),
(345, 'En 1930', 1, 87),
(346, 'En 1896', 0, 87),
(347, 'En 1955', 0, 87),
(348, 'En 1998', 0, 87),
(349, 'Michael Jordan', 1, 88),
(350, 'Kobe Bryant', 0, 88),
(351, 'LeBron James', 0, 88),
(352, 'Magic Johnson', 0, 88),
(353, 'Usain Bolt', 1, 89),
(354, 'Wayde van Niekerk', 0, 89),
(355, 'Yohan Blake', 0, 89),
(356, 'Joshua Cheptegei', 0, 89),
(357, 'À Rosario', 1, 90),
(358, 'Buenos Aires', 0, 90),
(359, 'Santa Fe', 0, 90),
(360, 'Mendoza', 0, 90),
(361, 'Charlotte Cooper', 1, 91),
(362, 'Margaret Abbott', 0, 91),
(363, 'Marie-Josée Pérec', 0, 91),
(364, 'Laura Flessel', 0, 91),
(365, 'En Grande Bretagne', 1, 92),
(366, 'Mexique', 0, 92),
(367, 'Etat-unis ', 0, 92),
(368, 'Mongolie', 0, 92),
(369, 'Thomas “Le Myope”', 0, 93),
(370, 'Michael “L’Eternel Dernier”', 0, 93),
(371, 'Eddie “L\'Aigle”', 1, 93),
(372, 'M. T. “Looser” Edwards', 0, 93),
(373, 'La capoeira', 1, 94),
(374, 'La tecktonik', 0, 94),
(375, 'Le breakdance', 0, 94),
(376, 'Le jumpstyle', 0, 94),
(377, 'L\'Allemagne', 1, 95),
(378, 'Le Brésil', 0, 95),
(379, 'L’Angleterre', 0, 95),
(380, 'L’Italie', 0, 95),
(381, 'Noir, Rouge, Bleu, Jaune et Vert', 0, 96),
(382, 'Bleu, Jaune, Noir, Vert et Rouge', 1, 96),
(383, 'Jaune, Rouge, Vert, Noir et Bleu', 0, 96),
(384, 'Vert, Bleu, Rouge, Noir et Jaune', 0, 96),
(385, 'Cinq', 0, 97),
(386, 'Trois ', 1, 97),
(387, 'Quatre', 0, 97),
(388, 'Six', 0, 97),
(389, 'Magellan et Elcano', 1, 98),
(390, 'Louis-Antoine de Bougainville et Jeanne Barret', 0, 98),
(391, 'Phileas Fogg et Jean Passepartout ', 0, 98),
(392, 'Francis Drake et Christopher Hatton ', 0, 98),
(393, 'Søren Kierkegaard', 1, 99),
(394, 'Friedrich Nietzsche', 0, 99),
(395, 'Fiodor Dostoïevski', 0, 99),
(396, 'Jean-Paul Sartre', 0, 99),
(397, 'Manuel Azaña', 0, 100),
(398, 'Adolfo Suárez', 1, 100),
(399, 'José Maldonado Gonzalez', 0, 100),
(400, 'Estanislao Figueras y Moragas', 0, 100),
(401, 'Le Krach de 1929', 1, 101),
(402, 'Le jeudi rouge', 0, 101),
(403, 'La ruée vers l\'est ', 0, 101),
(404, 'La Chute de 1929', 0, 101),
(405, 'Elle a duré 1 an, de 1873 à 1874', 0, 102),
(406, 'Elle a duré 8 ans, de 1931 à 1939', 1, 102),
(407, 'Elle a duré 41 ans, de 1936 à 1977', 0, 102),
(408, 'Elle a duré 46 ans, de 1931 à 1977', 0, 102),
(409, 'En 476, avec la chute de l’Empire romain d\'Occident', 1, 103),
(410, 'En 0, naissance de Jesus Christ', 0, 103),
(411, 'En 481, lorsque Clovis devient le roi des Francs', 0, 103),
(412, 'En 800, avec le couronnement de Charlemagne', 0, 103),
(413, 'Jules César', 1, 104),
(414, 'Romulus Augustule', 0, 104),
(415, 'Auguste', 0, 104),
(416, 'Didius Julianus', 0, 104),
(417, 'Périandre de Corinthe', 0, 105),
(418, 'Solon d\'Athènes', 0, 105),
(419, 'Chilon de Sparte', 0, 105),
(420, 'Thalès de Milet', 1, 105),
(421, 'Cetshwayo kaMpande', 0, 106),
(422, 'Shaka Zulú', 1, 106),
(423, 'Goodwill Zwelithini kaBhekuzulu', 0, 106),
(424, 'Misuzulu Sinqobile kaZwelithini', 0, 106),
(425, 'L’aiguille du Midi', 1, 107),
(426, 'Les aiguilles du Diable', 0, 107),
(427, 'L’aiguille Rouge', 0, 107),
(428, 'L’aiguille de Chambeyron', 0, 107),
(429, 'Les îles Féroé', 0, 108),
(430, 'Les îles du Cap-Vert', 0, 108),
(431, 'Les îles Canaries', 1, 108),
(432, 'Les Îles Marquises', 0, 108),
(433, 'Nouakchott', 0, 109),
(434, 'Dakar', 1, 109),
(435, 'Banjul', 0, 109),
(436, 'Rabat', 0, 109),
(437, 'Un aigle', 0, 110),
(438, 'Un quetzal', 0, 110),
(439, 'Un condor', 1, 110),
(440, 'Un toucan', 0, 110),
(441, '4', 1, 111),
(442, '5', 0, 111),
(443, '6', 0, 111),
(444, '2', 0, 111),
(445, 'Singapour, Vietnam, Cambodge', 0, 112),
(446, 'Thaïlande, Vietnam, Cambodge', 0, 112),
(447, 'Thaïlande, Corée, Vietnam', 0, 112),
(448, 'Laos, Vietnam, Cambodge', 1, 112),
(449, 'La Volga', 1, 113),
(450, 'Le Danube', 0, 113),
(451, 'La Loire', 0, 113),
(452, 'Le Rhin', 0, 113),
(453, 'L’Eswatini', 0, 114),
(454, 'Le Botswana', 0, 114),
(455, 'Le Lesotho', 1, 114),
(456, 'Le Namibia', 0, 114),
(457, 'Reykjavik', 1, 115),
(458, 'Oslo', 0, 115),
(459, 'Helsinki', 0, 115),
(460, 'Stockholm', 0, 115),
(461, 'La Haute-Garonne ', 0, 116),
(462, 'Les Hautes-Pyrénées ', 1, 116),
(463, 'Aveyron ', 0, 116),
(464, 'Le Tarn-et-Garonne ', 0, 116),
(465, 'Le Mandarin', 1, 117),
(466, 'L’Anglais', 0, 117),
(467, 'Le Chinois', 0, 117),
(468, 'Le Français', 0, 117),
(469, 'Manila', 1, 118),
(470, 'Bogota', 0, 118),
(471, 'Kuala Lumpur', 0, 118),
(472, 'Bangkok', 0, 118),
(473, 'L\'Everest', 1, 119),
(474, 'Kangchenjunga', 0, 119),
(475, 'K2', 0, 119),
(476, 'Kilimandjaro', 0, 119),
(477, 'Ulaanbaatar', 1, 120),
(478, 'Achgabat', 0, 120),
(479, 'Bichkek', 0, 120),
(480, 'Ankara', 0, 120);
-- (481, 'Vrai ', 1, 121),
-- (482, 'Faux', 0, 121),
--
-- (485, 'Vrai ', 1, 122),
-- (486, 'Faux', 0, 122);
